,item_id,user_id,rating_id
0,206,1,9
1,1014,1,3
2,231,1,7
3,725,1,8
4,1148,1,2
5,514,1,2
6,352,1,4
7,175,1,2
8,1314,1,6
9,1305,1,8
10,447,1,10
11,45,1,4
12,739,1,3
13,1119,1,10
14,587,1,2
15,371,1,10
16,742,1,8
17,517,1,8
18,81,1,2
19,768,1,8
20,9,1,10
21,392,1,9
22,470,1,3
23,847,1,8
24,1019,1,1
25,143,1,7
26,1191,1,10
27,1188,1,6
28,286,1,7
29,1235,1,9
30,1290,1,8
31,1274,1,9
32,769,1,9
33,895,1,8
34,101,1,4
35,850,1,5
36,1216,1,1
37,729,1,1
38,1111,1,7
39,789,1,6
40,265,1,9
41,337,1,2
42,583,1,5
43,113,1,6
44,1236,1,10
45,791,1,4
46,239,1,6
47,1248,1,10
48,411,1,8
49,1051,1,8
50,1152,1,8
51,755,1,1
52,1213,1,1
53,607,1,2
54,1153,1,9
55,204,1,2
56,920,1,7
57,496,1,5
58,530,1,3
59,216,1,6
60,304,1,7
62,151,1,6
63,1146,1,10
64,299,1,3
65,339,1,1
66,968,1,1
68,293,1,6
69,154,1,7
70,488,1,10
71,205,1,1
72,1025,1,1
73,684,1,8
74,660,1,7
75,1307,1,5
76,213,1,2
77,270,1,3
78,572,1,9
79,588,1,7
80,383,1,4
81,362,1,4
82,105,1,4
83,65,1,6
84,507,1,3
85,510,1,2
86,140,1,2
87,1173,1,2
88,552,1,8
89,1306,1,9
90,1304,1,7
92,403,1,3
93,1222,1,7
94,1091,1,9
95,313,1,6
96,497,1,8
98,1196,1,7
99,1063,1,2
100,563,1,9
101,466,1,3
102,673,2,1
103,1281,2,1
104,595,2,8
105,1137,2,10
106,196,2,1
107,730,2,1
108,1021,2,8
109,41,2,2
110,350,2,2
111,486,2,2
112,422,2,1
113,584,2,5
114,983,2,8
115,80,2,2
116,265,2,2
117,294,2,2
118,182,2,4
119,156,2,9
120,607,2,7
121,469,2,8
122,1019,2,1
123,1076,2,1
124,322,2,7
125,1106,2,10
126,1269,2,3
127,237,2,1
128,99,2,8
129,1212,2,8
130,574,2,6
131,575,2,2
132,95,2,8
133,711,2,9
134,1062,2,1
135,109,2,9
136,659,2,7
137,1298,2,1
138,260,2,8
140,597,2,6
141,1079,2,9
142,744,2,7
143,582,2,8
144,987,2,1
145,992,2,1
147,669,2,7
148,1178,2,2
149,1145,2,9
150,654,2,7
152,7,2,7
153,1229,2,8
154,420,2,7
155,982,2,3
156,772,2,2
157,799,2,9
158,691,2,2
159,497,2,7
160,1131,2,10
161,282,2,2
162,118,2,2
163,356,2,2
164,483,2,9
165,872,2,9
166,914,2,1
167,255,2,2
168,553,2,3
169,971,2,2
170,943,2,2
171,189,2,6
172,991,2,1
173,249,2,2
174,24,2,6
175,776,2,8
176,940,2,2
177,693,2,4
178,1141,2,6
179,608,2,7
180,412,2,2
181,1184,2,2
182,501,2,7
183,123,2,2
184,1180,2,2
185,854,2,1
186,521,2,7
188,217,2,8
189,727,2,10
190,1001,2,5
191,141,2,2
192,656,2,7
193,22,2,9
194,42,2,7
195,829,2,7
196,959,2,7
197,1043,2,9
198,791,2,7
199,391,2,2
200,1216,2,7
201,894,2,10
202,171,2,2
203,443,2,6
204,1026,2,8
205,286,2,2
206,594,2,7
207,936,2,2
209,990,2,1
210,757,2,2
211,1190,2,5
212,96,4,4
213,732,4,9
214,778,4,7
215,170,4,3
216,1309,4,2
217,761,4,3
218,805,4,2
219,1061,4,2
220,653,4,5
221,56,4,7
222,1067,4,4
223,112,4,5
224,757,4,4
225,773,4,1
226,529,4,7
227,156,4,2
228,973,4,9
229,569,4,7
230,418,4,6
231,581,4,8
232,257,4,5
233,1037,4,6
234,683,4,7
235,431,4,7
236,109,5,10
237,1250,5,9
238,929,5,10
239,633,5,2
240,456,5,7
241,987,5,1
242,285,5,3
243,1277,5,2
244,955,5,10
245,310,5,2
246,1185,5,4
247,1099,5,2
248,455,5,2
249,598,5,5
250,1044,6,2
251,1123,6,2
252,911,6,6
253,1046,6,3
254,369,6,2
255,759,6,8
256,1317,6,5
257,674,6,9
258,177,6,5
259,1280,6,2
260,550,6,10
261,297,6,9
262,2,6,8
263,149,6,7
264,464,6,5
265,514,6,8
266,1111,6,7
267,1154,6,10
268,338,6,2
269,198,6,2
270,110,6,7
271,121,6,7
272,878,6,10
274,717,6,8
275,446,6,3
276,522,6,8
277,359,6,6
278,333,6,2
279,879,6,10
280,963,6,9
281,1261,6,2
282,1094,7,2
283,250,7,8
284,839,7,3
285,358,7,2
286,873,7,1
287,834,7,2
288,1222,7,2
289,1121,7,3
290,630,7,8
291,1067,7,8
292,1027,7,4
293,436,7,2
294,819,7,2
295,911,7,3
296,24,7,3
297,113,7,3
298,133,7,2
299,1104,7,8
300,1141,7,2
301,16,7,5
302,1074,7,2
303,1205,7,3
304,1181,7,3
305,877,7,7
306,1259,7,2
307,475,7,2
308,1140,7,7
309,613,7,9
310,324,7,9
311,229,7,4
312,778,7,2
313,525,7,4
314,1310,7,1
315,908,7,8
316,298,7,2
317,39,7,3
318,123,7,3
319,554,7,3
320,975,7,2
321,721,7,10
322,661,7,9
323,310,7,2
324,1087,7,6
325,762,7,2
326,407,7,2
327,237,7,3
328,101,7,2
329,740,7,9
330,185,8,9
331,728,8,7
332,1006,8,1
333,219,8,8
334,329,8,2
335,40,8,7
336,577,8,2
337,988,8,1
338,253,8,10
339,685,8,2
340,500,8,7
341,842,8,9
342,702,8,10
343,28,8,7
344,516,8,7
345,1243,8,9
346,898,8,9
347,1149,8,10
348,1127,8,5
349,436,8,3
350,1016,8,9
351,914,8,3
352,888,8,9
353,1107,8,6
354,730,8,1
355,917,8,6
356,26,8,7
357,466,8,8
358,632,8,2
359,1214,8,7
360,575,8,7
361,592,8,9
362,840,8,6
363,793,10,2
364,1175,10,3
365,46,10,8
366,390,10,7
367,144,10,8
368,342,10,2
369,430,10,8
370,40,10,7
371,1180,10,7
372,814,10,4
373,1225,10,3
374,228,10,8
375,269,10,6
376,677,10,8
377,836,10,8
378,420,10,7
379,299,10,8
380,410,10,3
381,178,10,8
382,335,10,2
383,963,10,7
384,62,10,3
385,770,10,2
386,279,10,6
387,1029,10,2
388,746,10,3
389,103,10,9
390,294,10,7
391,704,10,3
392,802,10,2
393,841,10,7
394,1050,10,2
395,552,10,5
396,578,10,2
397,976,11,10
398,698,11,2
399,213,11,2
400,161,11,2
401,600,11,2
402,452,11,2
403,658,11,2
404,781,11,2
405,936,11,2
406,985,11,2
407,734,11,2
408,636,11,2
409,1035,11,2
410,351,11,2
411,403,11,2
412,1204,11,7
413,749,11,2
414,83,11,2
415,989,11,1
416,462,11,2
417,508,11,2
418,18,11,2
419,37,11,4
420,144,11,2
421,657,11,2
422,1259,11,7
423,259,11,2
424,97,11,7
425,798,11,8
426,921,11,2
427,650,11,2
428,264,11,2
429,727,11,2
430,342,11,2
431,232,11,2
432,252,11,7
433,534,11,8
434,925,11,9
435,695,11,2
436,703,11,2
437,810,11,2
438,670,11,7
439,920,11,7
440,1180,11,9
441,1114,11,2
442,559,11,2
443,1146,11,8
444,1105,11,7
445,514,11,2
446,945,11,2
447,876,11,3
448,786,11,3
449,402,11,3
450,1128,11,2
451,944,11,2
452,1156,12,10
453,764,12,2
454,1093,12,10
455,1157,12,10
456,605,12,9
457,5,12,2
458,380,12,2
459,670,12,2
460,439,12,7
461,252,12,3
462,477,12,2
463,442,12,3
464,677,12,8
465,354,12,2
466,1123,12,2
467,64,12,2
468,1213,12,5
469,326,12,2
470,1086,12,8
471,530,12,6
472,1090,12,8
473,1247,12,10
474,759,12,2
475,124,12,2
476,1103,12,4
477,906,12,7
478,1038,12,8
480,697,12,8
481,760,12,2
482,147,12,10
483,320,12,2
484,527,12,7
485,727,12,9
486,597,12,4
487,929,12,2
488,589,12,2
489,941,12,2
490,420,12,7
491,405,12,2
492,1063,13,6
493,297,13,2
494,112,13,7
495,1224,13,2
496,53,13,2
497,1154,13,2
498,642,13,7
499,1205,13,7
500,1061,13,6
501,1029,13,7
502,295,13,9
503,1032,13,8
504,1256,13,2
505,313,13,5
506,239,13,8
507,214,13,2
508,93,13,3
509,578,13,7
510,450,13,8
511,592,13,2
512,44,13,9
513,960,13,3
514,149,13,2
516,620,13,10
517,1235,13,10
518,339,13,2
519,1149,13,2
520,110,13,8
521,57,13,10
522,24,13,2
523,868,13,10
524,962,13,9
525,282,13,2
526,416,13,2
527,1097,14,2
528,458,14,2
529,328,14,6
530,1180,14,2
531,1203,14,2
532,1194,14,2
533,1262,14,6
534,881,14,2
535,1135,14,3
536,931,14,10
537,728,14,2
538,130,14,8
539,1150,14,2
540,183,14,8
541,476,14,2
542,1294,14,7
543,837,14,8
544,513,14,3
545,32,14,9
546,157,14,2
547,1272,14,8
548,573,14,7
549,706,14,2
550,1080,14,2
551,583,14,7
552,392,14,2
553,730,14,1
554,341,14,7
555,888,14,9
556,1116,14,2
557,1107,14,3
558,337,14,8
559,899,14,2
560,125,14,9
561,619,14,8
562,235,14,8
563,27,14,8
564,332,14,10
566,966,14,2
567,1228,15,2
568,81,15,7
569,1175,15,9
570,886,15,9
571,1224,15,7
572,229,15,7
573,17,15,2
574,1017,15,1
575,128,15,8
576,135,15,7
577,968,15,1
578,805,15,7
579,996,15,8
580,94,15,3
581,623,15,4
582,1189,15,8
583,1051,15,9
584,465,15,2
585,915,15,2
586,1119,15,9
587,847,15,8
588,1191,15,9
589,573,15,6
590,969,15,6
591,1150,15,6
592,362,15,6
593,203,15,7
594,519,15,4
595,463,15,2
596,283,15,5
597,90,15,3
598,1187,15,4
599,1249,15,6
600,323,15,2
601,438,16,9
602,685,16,2
603,415,16,2
604,183,16,2
605,140,16,9
606,580,16,2
607,313,16,3
608,979,16,8
609,739,16,2
610,753,16,7
611,346,16,9
612,712,16,9
613,716,16,8
614,1092,16,8
615,375,16,10
616,1278,16,8
617,116,16,2
618,228,16,7
619,458,16,6
620,581,16,8
621,840,16,6
623,732,16,10
624,900,16,10
625,242,16,10
626,1036,16,8
627,1122,16,9
628,784,16,6
629,526,16,7
630,781,16,10
631,919,16,7
632,870,16,9
633,631,16,9
634,602,16,10
635,578,16,5
636,765,16,2
638,911,16,8
639,1195,16,7
640,799,16,4
641,809,16,2
642,224,16,8
643,639,16,10
644,554,16,10
645,723,16,4
646,1067,16,2
647,855,16,1
648,500,16,6
649,1039,16,6
650,1061,16,6
651,1013,16,10
652,584,16,2
653,1241,16,5
654,691,16,5
655,972,16,4
656,812,16,3
657,627,16,10
658,1088,16,5
659,883,16,10
660,890,16,7
661,1180,16,8
662,67,17,6
663,782,17,10
664,1055,17,7
665,663,17,4
666,295,17,3
667,1291,17,7
668,809,17,2
669,698,17,7
670,682,17,8
671,638,17,8
672,1175,17,7
673,968,17,1
674,570,17,5
675,1184,17,8
676,910,17,8
677,178,17,4
678,189,17,4
679,769,17,6
680,105,17,6
681,157,17,1
682,70,17,1
683,319,17,3
684,148,17,4
685,947,17,5
686,727,17,8
687,886,17,7
688,595,17,7
689,515,17,8
690,458,17,4
691,84,17,6
692,294,17,1
693,318,17,2
694,583,17,7
695,1304,17,8
696,411,17,2
697,687,17,8
698,1318,17,7
699,546,17,8
700,775,17,7
701,5,17,1
702,593,17,4
703,1023,17,9
704,326,17,1
705,167,17,1
706,283,17,1
707,1075,17,7
708,280,17,1
709,591,17,6
710,39,17,1
711,1254,17,7
712,42,17,1
713,888,17,1
714,1029,17,3
715,1064,17,6
716,1211,17,1
717,86,17,7
718,1193,17,8
719,1311,17,1
720,388,17,1
721,1030,17,1
722,802,17,6
725,1082,17,8
726,217,17,6
727,1305,17,5
728,885,17,6
729,868,17,7
730,372,17,1
731,931,17,1
732,1073,17,4
733,375,17,1
734,722,17,7
735,511,17,9
736,559,17,10
737,850,17,9
738,1156,17,10
739,451,17,1
740,491,17,1
741,584,17,1
742,621,17,10
743,483,17,1
744,322,17,10
745,54,17,1
746,66,17,1
747,496,17,1
748,602,17,10
749,321,17,1
750,1289,17,10
751,893,17,5
752,414,17,1
753,223,17,1
754,730,18,4
755,1065,18,4
756,853,18,4
757,869,18,8
758,1091,18,5
759,686,18,9
760,386,18,1
761,327,18,1
762,1306,18,6
763,732,18,10
764,224,18,10
765,991,18,4
766,78,18,1
767,1227,18,6
768,963,18,7
769,635,18,8
770,938,18,1
771,586,18,8
772,145,18,1
773,716,18,7
774,1157,18,7
775,893,18,7
776,367,18,1
777,1044,18,1
778,891,18,1
779,1218,18,6
780,1105,18,1
781,1179,18,6
782,922,18,7
783,237,18,1
784,565,18,8
785,838,18,1
786,403,18,1
787,220,18,1
788,581,18,8
789,89,18,1
790,952,18,10
791,528,18,9
792,1207,18,1
793,897,18,10
794,1231,18,8
795,895,18,6
796,1142,18,9
797,959,18,4
798,204,18,1
799,354,18,1
800,1233,18,6
801,1280,18,6
802,44,18,1
803,678,18,8
804,524,18,8
805,1098,18,1
806,616,18,7
807,104,18,1
808,128,18,1
809,316,18,1
810,989,18,1
811,1062,18,1
812,660,18,9
813,34,18,1
814,548,18,6
815,103,18,1
816,814,18,7
817,393,18,1
818,477,18,1
819,41,18,1
820,116,18,1
821,137,18,1
822,977,18,6
823,362,18,1
824,389,18,1
826,841,18,9
827,916,18,1
828,1022,18,8
829,708,18,8
830,510,18,6
831,1059,18,6
832,3,18,1
833,1245,18,1
834,762,18,1
835,211,18,1
836,856,18,1
837,1148,18,1
838,1099,18,1
840,134,18,5
841,1008,18,3
842,894,18,2
843,484,18,5
844,650,18,7
845,284,18,8
846,941,18,9
847,87,18,1
848,1242,18,9
849,614,19,8
850,667,19,9
851,555,19,9
852,1226,19,8
853,512,19,10
854,592,19,10
855,774,20,9
856,367,20,1
857,679,20,9
858,828,20,9
859,692,20,8
860,668,20,9
861,522,20,9
862,1034,20,8
863,1178,20,10
864,603,20,6
865,498,20,10
866,517,20,9
867,536,20,8
868,1242,20,10
869,602,20,10
870,585,20,10
871,580,20,7
872,649,20,8
873,534,20,8
874,779,20,9
875,561,20,10
876,1194,20,7
877,651,20,7
879,577,1016,1
880,723,21,5
881,497,21,10
882,1015,21,1
883,539,21,10
884,690,21,8
885,664,21,10
886,548,21,8
887,899,21,6
888,922,21,7
889,396,21,5
890,246,21,6
891,1072,21,6
892,1021,21,10
893,317,21,1
894,142,21,1
895,666,21,9
896,681,21,8
897,117,21,4
898,132,21,2
899,2,21,4
900,1103,21,3
901,482,21,2
902,90,21,4
903,465,21,5
904,808,21,3
905,272,21,1
906,1207,21,4
907,78,21,1
908,1241,21,8
909,1250,21,7
910,1029,21,5
911,1038,21,4
912,656,21,8
913,724,21,8
914,769,21,8
915,1153,21,9
916,740,21,8
917,744,21,10
919,554,21,8
920,914,21,8
921,1266,21,7
922,541,21,7
923,1079,21,9
924,507,21,9
925,1232,21,9
926,592,21,10
927,1243,21,8
928,1235,21,9
929,698,21,8
930,965,21,8
931,1094,21,8
932,524,21,8
933,1269,21,5
934,707,21,3
935,199,21,2
937,872,21,4
938,1144,21,5
939,311,21,2
940,480,21,3
941,15,21,5
942,776,21,9
943,659,21,8
944,977,21,7
945,900,21,10
946,720,21,9
947,1221,21,9
948,750,21,10
950,1031,21,10
951,967,21,1
952,629,21,2
953,580,21,3
955,983,21,5
956,337,21,6
957,1204,21,6
959,523,21,8
960,614,21,9
961,583,21,1
962,1131,21,2
963,892,21,3
964,1139,21,6
965,341,21,7
966,361,21,4
967,878,21,10
968,308,21,10
969,1109,21,9
970,468,21,8
971,508,21,10
972,325,22,10
973,303,22,10
974,476,22,10
975,305,22,10
976,763,22,10
977,1037,22,10
978,1097,22,10
979,247,22,10
980,7,22,10
981,1085,22,10
982,76,22,10
983,1050,22,10
984,288,22,10
985,1186,22,5
986,627,22,3
987,1008,22,5
988,629,22,6
989,1267,22,2
990,857,22,3
991,769,22,6
992,124,22,1
993,605,22,3
994,838,22,4
995,383,22,6
996,170,22,7
997,495,22,3
998,840,22,4
999,729,22,3
1000,761,22,1
1001,209,22,2
1002,1240,22,3
1003,1278,22,4
1004,363,22,5
1005,895,22,8
1006,784,22,4
1008,1235,22,2
1009,728,22,4
1012,845,22,7
1013,1158,22,8
1014,323,22,9
1016,448,22,2
1017,1164,22,3
1018,1301,22,4
1019,435,22,5
1020,918,22,5
1021,885,22,6
1022,174,22,6
1023,782,22,7
1024,29,22,8
1025,48,22,9
1026,504,22,10
1028,967,22,2
1029,704,22,3
1030,68,22,4
1031,497,22,5
1032,850,22,6
1033,621,22,7
1035,972,22,9
1036,1020,22,10
1037,64,22,10
1038,275,22,10
1039,1262,22,1
1040,768,22,10
1041,830,22,10
1042,485,22,10
1043,787,22,10
1044,6,22,10
1045,176,22,3
1046,201,22,2
1047,569,22,3
1048,1003,22,4
1049,296,22,5
1050,278,22,6
1051,87,22,7
1052,1028,22,8
1053,1238,22,2
1054,1168,22,3
1055,562,22,5
1056,255,22,10
1058,752,22,9
1059,27,22,1
1060,877,22,10
1061,898,22,10
1062,155,22,10
1063,753,22,10
1064,1172,22,10
1065,1277,22,10
1066,890,22,1
1068,262,22,10
1069,511,22,10
1070,1229,22,10
1071,184,22,10
1072,81,22,1
1073,735,22,1
1074,239,22,1
1075,185,22,1
1076,113,22,1
1077,910,22,1
1078,480,22,1
1079,131,22,1
1081,518,22,1
1082,1305,22,1
1083,332,22,1
1084,1286,22,1
1085,44,22,1
1086,975,22,1
1087,367,22,10
1089,966,22,10
1090,1195,22,10
1091,1059,22,10
1092,441,22,10
1093,204,22,10
1094,697,22,10
1095,1115,22,10
1096,713,22,1
1097,493,22,10
1098,394,22,10
1099,1310,22,10
1100,1304,22,9
1101,41,22,8
1102,263,22,8
1103,686,22,8
1104,1290,22,6
1105,127,22,7
1106,536,22,8
1107,298,22,4
1109,1152,22,6
1110,731,22,7
1111,1088,22,3
1112,1035,22,4
1113,149,22,5
1114,360,22,7
1115,220,22,8
1117,161,22,10
1118,512,22,10
1119,501,22,10
1120,868,22,10
1121,758,22,10
1123,505,22,10
1124,720,22,10
1125,1029,22,6
1126,60,22,7
1127,465,22,8
1128,1144,22,6
1129,743,22,3
1130,616,22,6
1133,1193,22,5
1134,622,22,6
1135,1145,22,7
1136,903,22,8
1137,256,22,9
1138,738,22,10
1139,1096,22,10
1140,409,22,5
1141,408,22,6
1142,874,22,7
1143,1190,22,8
1144,401,22,9
1145,1110,22,10
1146,561,22,10
1147,565,22,2
1149,114,22,10
1150,1112,22,10
1151,343,22,10
1152,286,22,10
1153,810,22,10
1154,1216,22,10
1155,766,22,10
1156,551,22,10
1157,163,22,4
1158,563,22,6
1159,259,22,7
1160,949,22,8
1161,995,22,9
1163,132,22,2
1165,899,22,4
1166,889,22,5
1167,660,22,2
1168,1073,22,3
1169,1048,22,4
1170,647,22,5
1171,53,22,6
1172,951,22,1
1174,1217,22,3
1176,313,22,5
1177,229,22,6
1178,1058,22,2
1179,397,22,10
1180,197,22,10
1181,560,22,10
1183,1102,22,10
1185,553,22,10
1186,442,23,1
1187,465,23,1
1188,1016,23,1
1189,770,23,1
1190,422,23,1
1191,775,23,1
1192,1198,23,1
1193,431,23,1
1194,686,23,1
1195,1211,23,1
1196,607,23,1
1197,1033,23,1
1198,993,23,1
1199,15,23,1
1200,776,23,1
1201,64,23,1
1202,717,23,1
1203,759,23,1
1204,1104,23,1
1205,217,23,1
1206,1141,23,1
1207,256,23,1
1208,222,23,1
1210,292,23,1
1211,1208,23,1
1212,1030,23,1
1213,487,23,1
1214,961,23,1
1215,500,23,1
1216,503,23,10
1217,1165,23,1
1218,555,23,10
1219,1257,23,1
1220,236,23,1
1221,880,23,1
1222,752,23,1
1223,999,23,10
1224,244,23,1
1225,1216,23,1
1226,363,23,1
1227,561,23,10
1228,954,23,1
1229,265,23,1
1230,322,23,1
1231,964,23,8
1232,1274,23,8
1233,1004,23,8
1234,464,23,8
1235,1114,23,1
1236,978,23,1
1237,921,23,1
1238,195,23,1
1239,1303,23,1
1240,545,23,1
1241,595,23,8
1242,1015,23,8
1243,1300,23,8
1244,736,23,8
1245,346,23,8
1246,1263,23,8
1247,1266,23,8
1248,568,23,8
1249,979,23,8
1250,898,23,8
1251,640,23,8
1252,126,23,1
1253,910,23,1
1254,606,23,1
1255,1010,23,1
1256,1307,23,1
1257,713,23,1
1258,88,23,1
1260,966,23,1
1261,926,23,1
1262,65,23,1
1263,304,23,1
1264,1281,23,1
1265,1005,23,1
1266,1245,23,1
1268,294,23,1
1269,323,23,1
1270,425,23,1
1271,810,23,1
1272,932,23,1
1273,658,23,1
1274,811,23,1
1275,351,23,1
1276,944,23,1
1277,947,23,1
1278,749,23,1
1279,180,23,1
1281,1025,23,1
1282,504,23,10
1283,411,23,1
1284,1105,23,1
1285,525,23,10
1286,33,23,1
1287,403,23,1
1288,490,23,1
1289,45,23,1
1291,412,23,1
1292,1077,23,1
1293,757,23,1
1294,753,23,1
1295,1316,23,1
1296,948,23,1
1297,654,23,1
1299,531,23,10
1300,762,23,1
1301,495,23,10
1302,935,23,1
1303,1007,23,10
1304,482,23,1
1305,535,23,10
1306,1053,23,1
1307,681,23,10
1308,711,23,1
1309,414,23,1
1310,175,23,1
1311,399,23,1
1312,816,23,1
1313,124,23,1
1314,1112,23,1
1315,223,23,1
1316,356,23,1
1317,441,23,1
1318,468,23,1
1319,1186,23,10
1320,486,23,1
1321,984,23,1
1322,499,23,10
1323,1028,23,1
1324,699,23,8
1325,109,23,9
1326,96,23,6
1327,138,23,7
1328,1299,23,8
1329,61,23,9
1330,1150,23,6
1331,30,23,5
1332,341,23,7
1333,263,23,8
1334,1024,23,9
1335,1052,23,6
1336,756,23,5
1337,272,23,6
1338,611,23,7
1339,997,23,8
1340,594,23,5
1341,160,23,6
1342,583,23,7
1343,726,23,8
1344,1058,23,6
1346,586,23,6
1348,186,23,8
1349,430,23,9
1350,131,23,5
1351,395,23,6
1352,543,23,7
1353,1291,23,8
1354,550,23,9
1355,252,23,7
1356,825,23,4
1357,488,23,5
1358,211,23,3
1359,526,23,2
1360,804,23,4
1361,668,23,5
1362,1139,23,6
1363,507,23,7
1364,826,23,8
1365,603,23,9
1366,621,23,10
1367,1295,23,10
1368,1115,23,10
1370,850,23,1
1371,102,23,10
1372,281,23,10
1373,481,23,10
1375,83,23,10
1376,355,23,1
1377,114,23,1
1378,247,23,1
1379,1042,23,1
1380,301,23,1
1381,852,23,1
1383,916,23,4
1384,793,23,2
1385,296,23,3
1386,185,23,6
1387,262,23,7
1388,111,23,8
1389,572,23,9
1390,1020,23,4
1391,106,23,2
1392,1265,23,4
1393,1065,23,5
1395,404,24,10
1396,213,24,10
1397,782,24,10
1398,1155,24,10
1399,436,24,10
1400,94,24,10
1401,673,24,10
1402,528,24,10
1403,336,24,10
1404,361,24,10
1405,175,24,10
1406,402,24,10
1407,1050,24,10
1408,781,24,5
1409,893,24,1
1410,366,24,4
1411,715,24,5
1412,987,24,6
1413,1232,24,7
1414,895,24,8
1415,293,24,10
1416,538,24,10
1417,616,24,10
1418,585,24,10
1419,724,24,10
1420,47,24,10
1421,117,24,10
1422,289,24,10
1423,908,24,10
1424,225,24,10
1425,992,24,4
1426,408,24,6
1427,1205,24,3
1428,158,24,4
1429,344,24,5
1430,966,24,6
1431,1275,24,8
1432,700,24,3
1433,581,24,4
1434,815,24,5
1435,275,24,6
1436,1307,24,8
1437,919,24,9
1438,578,24,10
1439,532,24,3
1440,759,24,4
1441,326,24,5
1442,830,24,6
1443,684,24,7
1444,1297,24,10
1445,1151,24,4
1446,110,24,6
1447,235,24,7
1448,458,24,8
1449,4,24,10
1450,706,24,10
1451,125,24,10
1452,9,24,10
1453,1043,24,10
1454,844,24,10
1455,662,24,10
1456,182,24,10
1457,484,24,10
1458,99,24,5
1459,447,24,6
1460,598,24,10
1461,725,24,10
1462,1309,24,4
1463,861,24,6
1464,614,24,7
1465,603,24,8
1466,819,24,3
1467,770,24,2
1468,1010,24,3
1469,65,24,4
1470,242,24,1
1471,139,24,10
1472,655,24,10
1473,559,24,10
1474,854,24,10
1475,1291,24,10
1476,126,24,10
1477,258,24,10
1478,1192,24,3
1479,1095,24,6
1480,922,24,3
1481,635,24,5
1482,299,24,6
1483,836,24,7
1484,87,24,9
1485,1108,24,9
1486,1318,24,10
1487,440,24,10
1488,474,24,10
1489,856,24,9
1490,708,24,9
1491,80,24,9
1492,0,24,9
1493,1093,24,10
1494,1004,24,9
1495,412,25,10
1496,486,25,10
1497,421,25,10
1498,299,25,7
1499,21,25,8
1500,228,25,5
1501,971,25,7
1502,684,25,8
1503,992,25,9
1504,725,25,10
1505,319,25,3
1506,28,25,4
1507,1022,25,5
1508,815,25,6
1509,1159,25,7
1510,1197,25,10
1511,239,25,10
1512,1244,25,10
1513,551,25,10
1514,466,25,10
1515,984,25,10
1516,839,25,4
1517,819,25,7
1518,622,25,9
1519,326,25,9
1520,393,25,10
1521,632,25,10
1522,332,25,10
1523,408,25,10
1524,829,25,3
1525,1233,25,3
1526,199,25,4
1527,790,25,10
1528,499,25,10
1529,1276,25,3
1530,1124,25,10
1531,867,25,10
1532,917,25,10
1533,450,25,10
1534,988,25,1
1535,1000,25,1
1536,765,25,1
1537,1240,25,1
1538,730,25,1
1539,1311,25,10
1540,1061,25,1
1541,1068,25,1
1542,300,25,10
1543,139,25,1
1544,209,25,1
1545,271,25,1
1546,688,25,1
1547,472,25,10
1548,596,25,1
1549,774,25,1
1550,769,25,10
1551,981,25,1
1552,588,25,10
1553,501,25,10
1554,534,25,10
1555,203,25,10
1556,1298,25,10
1557,881,25,10
1558,50,25,10
1559,193,25,1
1560,94,25,8
1562,515,25,4
1563,598,25,5
1564,1228,25,7
1565,318,25,9
1566,262,25,3
1567,930,25,2
1568,1019,25,3
1569,67,25,4
1570,159,25,6
1571,303,25,8
1572,1208,25,10
1573,1247,25,7
1574,126,25,5
1575,204,25,3
1576,1165,25,8
1577,858,25,4
1578,481,25,5
1579,1109,25,8
1581,592,25,5
1582,633,25,4
1583,480,25,6
1584,768,25,7
1585,772,25,8
1586,1156,25,9
1587,652,25,10
1588,777,25,10
1589,546,25,2
1590,275,25,4
1591,672,25,5
1592,520,25,6
1593,676,25,7
1594,687,25,8
1595,701,25,10
1596,983,25,2
1598,576,25,6
1599,26,25,7
1600,1113,25,8
1601,267,25,9
1602,1055,25,10
1603,1287,25,9
1604,811,25,9
1605,1263,25,8
1606,96,25,8
1608,591,25,10
1609,528,25,10
1610,93,25,10
1611,711,25,10
1612,562,25,10
1613,976,25,10
1614,0,25,10
1615,749,25,10
1616,722,25,10
1617,216,25,10
1618,41,25,4
1619,330,25,5
1620,1216,25,6
1621,259,25,7
1622,1018,25,8
1623,282,25,10
1624,148,25,4
1625,869,25,6
1626,128,25,10
1627,241,25,2
1628,162,25,1
1629,84,25,10
1630,1121,25,10
1631,736,25,10
1633,208,25,10
1634,1052,25,10
1635,1202,25,10
1636,1097,26,1
1637,861,26,5
1638,434,26,6
1639,966,26,2
1640,212,26,1
1641,854,26,1
1642,311,26,1
1643,69,26,1
1644,1138,26,1
1645,743,26,1
1646,133,26,1
1647,1190,26,1
1648,902,26,4
1649,997,26,2
1650,323,26,3
1651,1093,26,5
1652,822,26,6
1653,1181,26,4
1654,1139,26,7
1655,834,26,8
1656,42,26,9
1657,1174,26,3
1658,1108,26,4
1660,844,26,6
1661,386,26,7
1662,1288,26,8
1663,52,26,10
1664,217,26,3
1665,828,26,4
1666,1236,26,5
1667,699,26,7
1668,373,26,8
1669,390,26,9
1670,463,26,10
1671,596,26,2
1672,713,26,3
1673,831,26,4
1674,1195,26,6
1675,1305,26,5
1676,277,26,6
1677,581,26,7
1678,1060,26,8
1679,291,26,10
1680,913,26,10
1681,151,26,10
1682,903,26,10
1683,477,26,10
1684,378,26,10
1685,575,26,10
1686,401,26,10
1687,333,26,10
1689,244,26,10
1690,690,26,10
1691,143,26,10
1692,615,26,5
1693,61,26,2
1694,1012,26,6
1695,1058,26,7
1696,253,26,8
1697,1242,26,9
1698,723,26,1
1699,550,27,10
1700,508,27,10
1701,1106,27,10
1702,219,27,10
1703,436,27,10
1704,348,27,10
1705,653,27,10
1706,1043,27,10
1707,79,27,10
1708,188,27,10
1709,166,27,10
1710,306,27,10
1711,1131,27,10
1712,509,27,10
1713,1225,27,10
1714,87,27,10
1715,677,27,10
1716,1009,27,10
1717,454,27,10
1718,455,27,10
1719,29,27,10
1720,1227,27,10
1721,802,27,10
1722,920,27,10
1723,10,27,10
1724,994,27,10
1725,593,27,1
1726,96,29,4
1727,1200,29,3
1728,763,29,3
1729,548,29,6
1730,963,29,8
1731,496,29,6
1732,1235,29,9
1733,1139,29,10
1734,115,29,5
1735,292,29,3
1736,1263,29,2
1737,1129,29,8
1738,793,29,7
1739,404,29,8
1740,707,29,9
1741,1309,29,6
1742,1273,29,6
1743,849,29,4
1744,320,29,3
1745,799,29,3
1746,1256,29,2
1747,340,29,2
1748,788,29,2
1749,425,29,3
1750,1295,29,2
1751,759,29,1
1752,861,29,5
1753,1111,29,7
1754,347,29,7
1755,413,29,7
1756,698,29,4
1757,1018,29,6
1758,907,29,6
1759,1134,29,3
1760,557,29,2
1761,78,29,1
1762,822,29,7
1763,1142,29,7
1764,49,29,8
1765,334,29,6
1766,1304,29,4
1767,88,29,3
1768,1183,29,6
1769,403,29,6
1770,163,29,2
1771,843,29,2
1772,396,29,4
1773,417,29,2
1774,973,29,5
1776,574,29,8
1777,1065,29,5
1778,671,29,7
1779,118,29,7
1780,141,29,5
1781,950,29,7
1783,385,29,4
1784,218,29,5
1785,405,29,7
1786,868,29,5
1787,908,29,7
1788,572,29,4
1789,15,29,6
1791,853,29,3
1792,209,29,2
1793,1030,29,5
1794,389,29,6
1795,632,29,7
1796,1310,29,8
1797,840,29,9
1798,969,29,6
1799,688,29,7
1800,80,29,5
1801,1105,29,3
1803,386,29,4
1805,35,29,8
1807,836,29,5
1808,1190,29,9
1809,704,29,8
1810,1251,29,4
1811,112,29,3
1812,696,29,2
1813,493,29,10
1814,728,29,2
1815,1025,29,4
1816,45,29,5
1817,102,29,2
1818,766,29,2
1819,139,29,4
1820,245,29,4
1821,514,29,7
1822,309,29,8
1824,70,29,4
1825,789,29,7
1826,200,29,4
1827,833,29,7
1828,173,30,4
1829,281,30,4
1830,222,30,3
1831,386,30,3
1832,1194,30,3
1833,713,30,3
1834,324,30,5
1835,698,30,7
1836,107,30,7
1837,39,30,6
1838,1261,30,2
1839,580,30,8
1840,779,30,9
1841,1224,30,9
1842,778,30,8
1843,1181,30,9
1844,132,30,3
1845,168,30,3
1846,233,30,5
1847,225,30,6
1848,974,30,10
1849,434,30,9
1850,727,30,10
1851,57,30,8
1852,68,30,4
1853,891,30,5
1854,143,30,2
1855,345,30,2
1856,235,30,4
1857,1220,30,9
1858,722,30,8
1859,908,30,9
1861,1153,30,9
1862,1210,30,5
1863,955,30,8
1864,639,30,8
1865,719,30,9
1866,773,30,5
1867,1127,30,9
1868,1102,30,8
1869,876,30,9
1870,1195,30,10
1871,447,30,5
1873,1227,30,3
1874,564,30,9
1875,750,30,3
1876,538,30,9
1877,936,30,6
1878,115,30,3
1879,663,30,9
1880,935,30,3
1881,1165,30,9
1882,1019,31,3
1883,933,31,8
1884,785,31,8
1885,195,31,6
1886,887,31,8
1887,834,31,9
1888,693,31,8
1889,48,31,7
1890,671,31,6
1891,604,31,8
1892,594,31,8
1893,342,31,6
1894,1137,31,3
1895,1226,31,7
1896,227,31,3
1897,151,31,5
1898,981,31,5
1899,807,31,3
1900,1261,31,4
1901,1085,31,9
1902,971,31,10
1903,630,31,9
1904,197,31,8
1905,148,31,4
1906,1001,31,4
1907,356,31,5
1908,980,31,2
1909,1252,31,8
1910,730,31,5
1911,1149,31,4
1912,1312,31,9
1913,241,31,8
1914,408,31,7
1915,675,31,9
1916,866,31,8
1917,708,31,7
1918,305,31,8
1919,117,31,9
1920,681,31,7
1921,1157,31,7
1922,221,31,5
1923,1201,31,9
1924,109,31,3
1925,62,31,4
1926,1005,31,9
1927,710,31,8
1928,313,32,4
1929,1291,32,8
1930,312,32,8
1931,123,32,6
1932,522,32,9
1933,853,32,9
1934,1241,32,10
1935,199,32,8
1936,204,32,5
1937,281,32,6
1938,1045,32,9
1939,1179,32,8
1940,563,32,9
1941,41,32,4
1942,1307,32,9
1943,643,32,9
1944,525,32,9
1945,1120,32,4
1946,1276,32,8
1947,1006,32,9
1948,1199,32,7
1949,1161,32,9
1950,876,32,9
1951,180,32,3
1952,1074,32,9
1953,529,32,10
1954,238,32,5
1955,850,32,3
1956,997,32,8
1957,1247,32,9
1958,156,32,4
1959,119,32,2
1960,358,32,2
1961,6,32,4
1962,1295,32,5
1963,1034,32,4
1964,1003,32,3
1965,789,32,9
1966,1077,32,9
1967,1208,32,4
1968,447,32,9
1969,791,32,8
1970,310,32,7
1972,498,32,9
1974,475,32,4
1975,1136,32,3
1976,606,32,4
1977,329,33,9
1978,327,33,9
1979,503,33,3
1980,1151,33,8
1981,912,33,8
1982,643,33,9
1983,85,33,9
1984,887,33,4
1985,17,33,8
1986,1072,33,9
1987,1183,33,4
1988,273,33,8
1989,351,33,3
1990,813,33,8
1991,375,33,9
1992,389,33,2
1993,157,33,9
1994,693,33,4
1995,598,33,4
1996,1126,33,7
1997,925,33,8
1998,259,33,9
1999,874,33,9
2000,471,33,8
2001,306,33,9
2002,35,33,8
2004,987,33,9
2005,84,33,9
2006,2,33,8
2007,899,33,8
2008,1148,33,9
2009,1058,33,8
2010,986,33,9
2011,574,33,3
2012,920,33,8
2013,413,33,3
2014,73,33,4
2015,115,33,2
2016,1317,33,8
2017,1011,33,9
2018,504,33,4
2019,1279,33,9
2020,612,33,4
2021,332,33,2
2022,152,33,2
2023,1226,33,3
2024,1293,33,9
2025,45,33,10
2026,110,33,8
2027,21,34,9
2028,509,34,8
2029,317,34,9
2030,677,34,8
2031,387,34,4
2032,1133,34,8
2033,1016,34,3
2034,1176,34,4
2035,1213,34,2
2036,469,34,3
2037,336,34,10
2038,310,34,4
2039,898,34,5
2040,478,34,6
2041,320,34,8
2042,960,34,4
2043,443,34,5
2044,1101,34,3
2045,371,34,4
2046,363,34,9
2047,910,34,6
2048,1051,34,2
2049,334,34,4
2050,180,34,6
2051,975,34,9
2052,1285,34,10
2053,292,34,9
2054,1274,34,4
2055,1218,34,4
2056,1221,34,5
2057,1312,34,3
2058,882,34,8
2059,606,34,9
2060,566,34,8
2061,841,34,8
2062,907,34,9
2063,867,34,7
2064,709,34,8
2065,210,34,3
2066,762,34,6
2067,323,34,3
2068,113,34,8
2069,871,34,4
2070,562,34,6
2071,39,34,4
2072,603,34,8
2073,701,34,9
2074,35,34,8
2075,502,34,3
2076,329,34,4
2077,816,34,5
2078,379,34,2
2079,905,34,4
2080,1262,34,8
2081,1072,34,7
2082,261,34,2
2083,1126,34,7
2084,1295,34,2
2085,1178,34,8
2086,746,34,8
2087,725,34,3
2088,378,35,2
2089,468,35,5
2090,898,35,8
2091,395,35,8
2092,483,35,7
2093,984,35,8
2094,80,35,3
2095,625,35,8
2096,1278,35,9
2097,839,35,8
2098,370,35,8
2099,59,35,7
2100,488,35,8
2101,223,35,3
2102,335,35,4
2103,1260,35,5
2104,1150,35,2
2105,737,35,4
2106,202,35,2
2107,848,35,3
2108,1000,35,4
2109,411,35,3
2110,1162,35,8
2111,261,35,8
2112,95,35,8
2113,837,35,7
2114,404,35,2
2115,914,35,6
2116,301,35,8
2117,31,35,8
2118,708,35,9
2119,994,35,2
2120,1203,35,4
2121,264,35,8
2122,988,35,2
2123,729,35,8
2124,454,35,2
2125,1006,35,4
2126,312,35,1
2127,441,35,2
2128,1120,35,3
2129,601,35,8
2130,652,35,9
2131,1101,35,7
2132,13,35,2
2133,812,35,3
2134,1032,35,2
2135,957,35,7
2136,614,35,8
2137,99,35,7
2138,463,35,8
2139,1058,35,9
2141,878,35,8
2142,424,35,9
2143,797,35,8
2144,875,35,2
2145,470,35,8
2146,129,35,8
2147,1194,35,9
2148,120,35,7
2149,895,35,8
2150,935,35,3
2151,234,35,8
2152,869,35,2
2153,678,35,8
2154,111,35,2
2155,917,35,1
2156,474,35,7
2157,428,35,5
2158,1223,35,8
2159,43,35,7
2160,187,35,2
2161,134,35,3
2162,1007,35,3
2163,89,35,3
2164,191,35,3
2165,435,35,4
2167,551,35,8
2168,947,35,2
2169,377,35,8
2170,751,35,7
2171,199,35,8
2172,547,35,6
2173,650,35,7
2174,779,35,8
2175,1178,35,2
2176,522,35,7
2177,348,35,8
2178,1198,35,2
2179,884,35,8
2180,1240,35,8
2181,1069,35,9
2182,162,35,2
2183,622,35,6
2184,1015,35,9
2185,211,35,5
2186,719,35,9
2187,1182,35,5
2189,1065,35,9
2190,169,35,8
2191,482,35,3
2192,416,35,3
2193,57,35,9
2194,666,35,6
2195,277,35,4
2196,44,35,5
2197,851,35,4
2198,813,35,9
2199,86,35,5
2200,721,35,8
2201,293,35,6
2202,1170,35,9
2203,406,35,8
2204,255,35,6
2205,1062,35,7
2206,761,35,1
2208,39,35,1
2209,367,35,3
2210,909,35,8
2211,867,35,9
2212,1228,35,6
2213,250,35,4
2214,954,35,2
2215,1084,35,4
2216,260,35,1
2218,267,35,4
2219,1280,35,2
2220,932,35,5
2221,1309,35,3
2222,1235,35,4
2223,665,35,6
2224,1308,35,7
2225,1179,35,6
2226,1088,35,10
2227,615,35,7
2228,453,35,4
2229,537,35,3
2232,543,35,6
2233,131,35,2
2234,263,35,3
2235,163,35,2
2236,1157,35,1
2237,1133,35,3
2238,20,35,5
2239,285,35,2
2240,807,35,10
2242,279,35,3
2243,1289,35,9
2244,1312,35,7
2245,161,35,3
2246,3,35,6
2247,1063,35,5
2248,194,35,2
2249,1268,35,3
2250,1290,35,4
2251,1028,35,3
2253,332,35,6
2254,814,35,8
2255,286,35,6
2256,1275,35,9
2258,82,35,6
2259,382,35,5
2260,558,35,7
2262,104,35,4
2263,530,35,6
2264,817,35,4
2265,278,35,5
2266,249,35,3
2267,1054,35,6
2268,184,35,7
2269,1257,35,6
2270,924,35,5
2271,510,35,6
2273,243,35,5
2274,819,35,6
2275,763,35,7
2276,259,36,5
2277,1275,36,7
2278,788,36,9
2279,70,36,5
2280,123,36,5
2281,1013,36,4
2282,29,36,6
2283,333,36,7
2284,108,36,5
2285,1267,36,2
2286,803,36,6
2287,278,36,5
2288,1061,36,4
2289,369,36,6
2290,882,36,7
2291,1193,36,9
2292,1073,36,8
2293,503,36,9
2294,202,36,4
2295,219,36,5
2296,1287,36,6
2297,312,36,4
2298,285,36,3
2299,194,36,5
2300,909,36,6
2301,120,36,7
2302,325,36,4
2303,24,36,6
2304,1210,36,5
2305,495,36,3
2306,1240,36,10
2307,1227,36,5
2308,1025,36,4
2309,1072,36,3
2310,85,36,6
2311,564,36,9
2312,1205,36,8
2313,90,36,6
2314,626,36,7
2316,856,36,3
2317,958,36,3
2318,475,36,3
2319,1260,36,5
2321,1070,36,5
2322,59,36,6
2323,1254,36,7
2324,602,36,9
2325,701,36,9
2326,1119,36,8
2327,236,36,6
2328,931,36,3
2329,246,36,6
2330,1036,36,3
2331,899,36,5
2332,531,36,9
2333,597,36,9
2334,453,36,3
2335,1258,36,5
2336,1009,36,9
2337,954,36,5
2338,760,36,3
2339,383,36,5
2340,1020,36,5
2341,147,36,6
2342,877,36,4
2343,739,36,5
2344,1281,36,3
2345,841,36,9
2346,646,36,8
2347,875,36,4
2348,888,36,6
2349,349,36,2
2350,1120,36,6
2351,634,36,9
2352,936,36,4
2353,204,36,5
2354,323,36,4
2355,1000,36,5
2356,515,36,7
2357,775,36,4
2358,1006,36,8
2359,1224,36,6
2360,119,36,4
2361,1096,36,5
2362,507,36,10
2363,480,36,5
2364,600,36,6
2366,1189,36,8
2367,533,36,9
2368,366,36,5
2369,1187,36,3
2370,255,36,5
2371,451,36,7
2372,398,36,4
2373,783,36,5
2374,166,36,6
2375,262,36,3
2376,1243,36,9
2377,758,36,6
2378,730,36,7
2379,812,36,6
2380,791,37,2
2381,164,37,9
2382,1257,37,8
2383,82,37,7
2384,576,37,8
2385,586,37,3
2386,860,37,8
2387,202,37,7
2388,1108,37,8
2389,1204,37,9
2390,595,37,8
2391,1025,37,7
2392,1053,37,8
2393,163,37,5
2394,1159,37,8
2395,796,37,3
2396,396,37,8
2397,1132,37,7
2398,522,37,8
2399,431,37,9
2400,316,37,7
2401,883,37,8
2402,681,37,2
2403,433,37,8
2404,16,37,9
2405,760,37,8
2406,394,37,7
2407,355,37,8
2408,771,37,9
2409,491,37,8
2410,770,37,7
2411,186,37,7
2412,198,37,10
2413,569,37,8
2414,432,37,7
2415,654,37,3
2416,301,37,8
2417,643,37,7
2418,1070,37,8
2419,12,37,7
2420,957,37,8
2421,1293,37,9
2422,870,37,8
2423,413,37,9
2424,1168,37,5
2425,350,37,6
2426,1057,37,5
2427,117,37,6
2428,358,37,8
2430,60,37,6
2431,588,37,1
2432,1219,37,2
2433,583,37,5
2434,1054,37,2
2435,665,37,3
2436,348,37,8
2437,445,37,7
2438,1131,37,9
2439,1244,37,7
2440,439,37,8
2441,568,37,7
2442,939,37,4
2443,677,37,8
2444,974,37,7
2445,620,37,8
2446,1268,37,8
2447,340,37,7
2448,624,37,6
2449,1026,37,7
2450,767,37,8
2451,562,37,4
2452,1235,37,7
2453,687,37,4
2454,83,37,7
2455,1153,37,8
2457,515,37,8
2458,1174,37,8
2459,118,37,7
2460,587,37,8
2461,805,37,9
2462,975,37,3
2463,374,37,8
2464,1248,37,7
2465,514,37,8
2466,544,37,3
2468,518,37,2
2469,1158,37,4
2470,1250,37,7
2472,890,37,5
2473,46,37,7
2474,689,37,8
2475,1066,37,8
2476,306,37,7
2477,1113,37,8
2478,56,37,9
2479,608,37,8
2480,332,37,4
2481,570,37,2
2483,274,37,8
2484,529,37,9
2485,451,37,7
2486,256,37,8
2487,1279,37,9
2488,1237,37,10
2489,121,37,7
2490,553,37,8
2491,0,37,8
2492,367,37,7
2493,362,37,8
2494,176,37,8
2495,1010,37,7
2496,458,37,8
2497,746,38,9
2498,716,38,9
2499,1273,38,5
2500,58,38,9
2501,1059,38,8
2502,1176,38,9
2503,109,38,2
2504,12,38,4
2505,1063,38,3
2506,63,38,4
2507,314,38,5
2508,1229,38,4
2509,1221,38,3
2510,278,38,2
2511,950,38,6
2512,753,38,7
2513,857,38,9
2514,363,38,3
2515,577,38,5
2516,261,38,5
2517,1201,38,9
2518,1134,38,8
2519,816,38,4
2520,450,38,5
2521,112,38,6
2522,711,38,9
2523,178,38,5
2524,390,38,8
2525,263,38,4
2526,300,38,6
2527,190,38,5
2528,275,38,4
2529,796,38,9
2530,1249,38,6
2531,143,38,5
2532,540,38,3
2533,915,38,8
2534,156,38,9
2535,1230,38,3
2536,720,38,4
2537,1204,38,5
2538,858,38,6
2539,900,38,10
2540,542,38,9
2541,495,38,10
2542,669,38,8
2543,133,38,9
2544,1257,38,5
2545,406,38,3
2546,728,38,2
2547,217,38,4
2548,1245,38,5
2549,1304,38,4
2550,347,38,5
2551,168,38,2
2552,958,38,3
2553,1285,38,5
2554,1019,38,2
2555,475,38,5
2556,878,38,2
2557,897,38,8
2558,244,38,6
2560,474,38,6
2561,408,38,3
2562,1159,38,7
2563,667,38,6
2564,167,38,8
2565,1004,38,7
2566,84,38,8
2567,469,38,8
2568,1278,38,4
2569,166,38,7
2570,1042,38,3
2571,536,38,9
2572,1172,38,8
2573,810,38,10
2574,964,38,9
2575,147,38,5
2576,1308,38,4
2577,64,38,5
2578,794,38,6
2579,862,38,7
2581,38,38,5
2582,579,38,7
2583,145,38,4
2584,88,38,8
2585,680,38,4
2586,944,38,9
2587,913,38,3
2588,1025,38,9
2589,464,38,8
2590,555,38,7
2591,1276,38,8
2592,1188,38,9
2593,1069,38,8
2594,544,38,8
2595,240,38,8
2596,1112,38,5
2597,704,38,6
2598,102,38,3
2599,292,38,2
2600,962,38,3
2601,284,38,4
2602,391,38,5
2604,1007,38,5
2605,1083,38,4
2606,659,38,8
2607,434,38,4
2608,926,38,5
2609,327,38,6
2610,375,38,4
2611,714,38,5
2612,296,38,9
2613,1100,38,5
2614,531,38,6
2615,612,38,9
2616,770,38,8
2618,859,38,2
2619,795,38,8
2620,866,38,4
2621,3,38,5
2622,446,38,6
2623,668,38,5
2624,504,38,3
2625,844,38,8
2626,108,38,9
2627,768,40,9
2628,538,40,8
2629,457,40,2
2630,419,40,3
2631,785,40,10
2632,215,40,8
2633,507,40,9
2635,18,40,3
2636,1097,40,4
2637,956,40,5
2638,1020,40,3
2639,873,40,5
2640,1144,40,6
2641,777,40,10
2642,508,40,8
2643,888,40,5
2644,462,40,5
2645,10,40,4
2646,815,40,5
2647,608,40,9
2648,1116,40,5
2649,1313,40,6
2650,505,40,9
2651,125,40,5
2652,801,40,6
2653,73,40,8
2654,1028,40,3
2655,1064,40,4
2656,264,40,5
2657,136,40,6
2658,732,40,9
2659,164,40,5
2660,972,40,6
2661,1234,40,10
2662,373,40,5
2663,47,40,6
2664,128,40,5
2665,889,40,4
2666,103,40,5
2667,142,40,6
2668,716,40,5
2669,946,40,6
2670,452,40,5
2671,598,40,9
2672,753,40,6
2673,438,40,5
2674,557,40,6
2675,305,40,5
2676,1211,40,6
2677,736,40,8
2678,417,40,6
2679,762,40,8
2680,528,40,9
2681,229,40,8
2682,1166,40,6
2683,541,40,8
2684,832,40,5
2685,841,40,9
2686,1101,40,6
2687,413,40,5
2688,1226,40,6
2689,1260,40,6
2690,1213,40,5
2691,825,40,6
2692,29,40,6
2693,198,40,5
2694,105,40,6
2695,1094,40,5
2696,1140,40,6
2697,1169,40,8
2698,916,40,6
2699,124,40,5
2700,786,40,10
2701,717,40,5
2702,913,40,6
2703,848,40,5
2704,559,40,6
2705,1077,40,6
2706,132,40,5
2707,493,40,9
2708,667,40,9
2709,658,40,9
2710,450,40,7
2711,1196,40,5
2712,17,40,6
2713,603,40,10
2714,1004,40,8
2715,466,40,5
2716,582,40,8
2717,1019,40,9
2718,349,40,6
2719,369,40,8
2720,1204,40,9
2721,1255,40,9
2722,976,40,6
2723,209,40,5
2724,1314,40,6
2725,539,40,9
2726,1057,40,8
2727,931,40,6
2728,587,40,9
2729,234,40,8
2730,769,40,9
2731,397,40,6
2732,1131,40,6
2733,525,40,8
2734,297,40,6
2735,660,40,9
2736,1007,40,6
2737,213,40,7
2738,1081,41,9
2739,1286,41,5
2740,121,41,4
2741,552,41,8
2742,884,41,9
2743,102,41,5
2744,164,41,6
2745,59,41,5
2746,461,41,6
2747,857,41,9
2748,613,41,10
2749,829,41,5
2750,208,41,6
2751,283,41,6
2752,823,41,9
2753,777,41,10
2754,587,41,9
2755,1044,41,8
2756,222,41,5
2757,151,41,6
2758,1189,41,9
2759,1185,41,9
2760,288,41,8
2761,1227,41,9
2762,384,41,8
2763,507,41,5
2764,233,41,6
2765,1217,41,4
2766,433,41,5
2767,334,41,6
2768,1183,41,8
2769,1059,41,5
2770,236,41,5
2771,1127,41,9
2772,489,41,5
2773,493,41,10
2774,153,41,5
2775,116,41,6
2776,1281,41,6
2777,406,41,4
2778,635,41,5
2779,107,41,6
2780,110,41,5
2781,739,41,6
2782,1206,41,6
2783,1011,41,7
2784,242,41,9
2785,881,41,10
2786,452,41,6
2787,866,41,7
2788,810,41,9
2789,1101,41,6
2790,762,41,9
2791,119,41,6
2792,1310,41,7
2793,358,41,6
2794,944,41,7
2795,1121,41,10
2796,251,41,9
2797,1314,41,8
2798,321,41,9
2799,495,41,10
2800,72,41,9
2801,800,41,9
2802,970,41,10
2803,339,41,6
2804,827,41,6
2805,1175,41,7
2806,1003,41,5
2807,921,41,6
2808,822,41,5
2809,1036,41,6
2810,56,41,7
2811,760,41,5
2812,199,41,10
2813,769,41,6
2814,975,41,10
2815,1179,41,9
2817,1239,41,9
2818,860,41,8
2819,846,41,9
2820,1029,41,9
2821,867,41,9
2822,597,41,9
2823,11,41,9
2824,548,41,7
2825,903,41,10
2826,306,41,5
2827,771,41,6
2828,567,41,5
2829,221,41,5
2830,1219,41,9
2831,141,41,5
2833,1262,41,9
2834,1124,41,5
2836,1116,41,5
2837,183,41,6
2838,588,41,8
2839,950,41,7
2840,537,41,9
2841,612,41,9
2842,99,41,6
2843,1164,41,7
2844,768,42,9
2845,636,42,8
2846,487,42,9
2847,1238,42,8
2848,1010,42,2
2849,364,42,9
2850,617,42,8
2851,468,42,9
2852,1248,42,9
2853,1052,42,8
2854,1085,42,9
2855,555,42,8
2856,1100,42,7
2857,1302,42,4
2858,255,42,5
2859,1,42,4
2860,764,42,5
2861,15,42,5
2862,240,42,4
2863,185,42,5
2864,421,42,4
2865,811,42,5
2866,262,42,6
2867,369,42,5
2868,1296,42,4
2869,465,42,3
2870,749,42,4
2871,707,42,8
2872,19,42,9
2873,141,42,4
2874,986,42,10
2875,340,42,6
2876,68,42,8
2877,290,42,8
2878,695,42,9
2879,471,42,9
2880,419,42,8
2881,1237,42,9
2882,361,42,5
2883,661,42,8
2884,860,42,6
2885,62,42,9
2886,302,42,8
2887,1152,42,9
2888,444,42,7
2889,115,42,8
2890,957,42,5
2891,1310,42,8
2892,329,42,5
2893,66,42,6
2894,590,42,6
2895,1212,42,7
2896,176,42,8
2897,874,42,3
2898,518,42,7
2899,79,42,8
2900,47,42,7
2901,1210,42,8
2903,482,42,7
2904,174,42,5
2905,525,42,6
2906,810,42,9
2907,1179,42,9
2908,914,42,8
2909,961,42,9
2911,634,42,9
2912,1276,42,9
2913,104,42,8
2914,352,42,8
2915,308,42,5
2916,591,42,6
2917,801,42,6
2918,605,42,5
2919,349,42,9
2920,58,42,5
2921,612,42,9
2922,926,42,5
2923,1234,42,9
2924,542,42,9
2925,863,42,5
2926,550,42,9
2927,441,42,5
2928,589,42,6
2929,25,42,5
2930,407,42,9
